trip_id,route_id,service_id,trip_headsign,trip_short_name,direction_id,block_id,shape_id,wheelchair_accessible
2123068,15,248818,High Bridge,5711,1,5711,115,
2123069,14,248818,Princeton Station,4107,1,4107,114,
2123070,14,248818,Princeton Station,4123,1,4123,114,
2123071,14,248818,Princeton Station,4133,1,4133,114,
2123072,14,248818,Princeton Station,4125,1,4125,114,
2123073,14,248818,Princeton Station,4131,1,4131,114,
2123074,14,248818,Princeton Junction,4132,0,4132,14,
2123075,14,248818,Princeton Junction,4134,0,4134,14,
2123076,14,248818,Princeton Station,4135,1,4135,114,
2123077,14,248818,Princeton Junction,4136,0,4136,14,
2123078,14,248818,Princeton Station,4137,1,4137,114,
2123079,14,248818,Princeton Junction,4138,0,4138,14,
2123080,14,248818,Princeton Station,4139,1,4139,114,
2123081,14,248818,Princeton Junction,4144,0,4144,14,
2123082,14,248818,Princeton Junction,4140,0,4140,14,
2123083,14,248818,Princeton Junction,4142,0,4142,14,
2123084,14,248818,Princeton Junction,4146,0,4146,14,
2123085,14,248818,Princeton Junction,4154,0,4154,14,
2123086,14,248818,Princeton Junction,4156,0,4156,14,
2123087,14,248818,Princeton Station,4157,1,4157,114,
2123088,14,248818,Princeton Junction,4158,0,4158,14,
2123089,14,248818,Princeton Station,4159,1,4159,114,
2123090,14,248818,Princeton Junction,4164,0,4164,14,
2123091,14,248818,Princeton Junction,4176,0,4176,14,
2123092,10,248818,Bay Head,4315,1,4315,110,
2123093,10,248818,Bay Head,4323,1,4323,110,
2123094,10,248818,Bay Head,4343,1,4343,110,
2123095,1,248818,Philadelphia 30th St.,4608,1,4608,101,
2123096,1,248818,Philadelphia 30th St.,4610,1,4610,101,
2123097,1,248818,Philadelphia 30th St.,4612,1,4612,101,
2123098,1,248818,Atlantic City Terminal,4613,0,4613,1,
2123099,1,248818,Philadelphia 30th St.,4616,1,4616,101,
2123100,1,248818,Philadelphia 30th St.,4620,1,4620,101,
2123101,1,248818,Atlantic City Terminal,4623,0,4623,1,
2123102,1,248818,Philadelphia 30th St.,4624,1,4624,101,
2123103,1,248818,Atlantic City Terminal,4627,0,4627,1,
2123104,1,248818,Philadelphia 30th St.,4628,1,4628,101,
2123105,1,248818,Philadelphia 30th St.,4630,1,4630,101,
2123106,1,248818,Philadelphia 30th St.,4632,1,4632,101,
2123107,1,248818,Philadelphia 30th St.,4634,1,4634,101,
2123108,1,248818,Atlantic City Terminal,4635,0,4635,1,
2123109,1,248818,Philadelphia 30th St.,4638,1,4638,101,
2123110,1,248818,Atlantic City Terminal,4639,0,4639,1,
2123111,1,248818,Atlantic City Terminal,4641,0,4641,1,
2123112,1,248818,Philadelphia 30th St.,4642,1,4642,101,
2123113,1,248818,Atlantic City Terminal,4643,0,4643,1,
2123114,15,248818,Raritan,5409,1,5409,115,
2123115,15,248818,Penn Station New York,5150,0,5150,15,
2123116,15,248818,Raritan,5403,1,5403,115,
2123117,15,248818,Newark Penn Station,5412,0,5412,15,
2123118,15,248818,Raritan,5413,1,5413,115,
2123119,15,248818,Newark Penn Station,5420,0,5420,15,
2123120,15,248818,Raritan,5431,1,5431,115,
2123121,15,248818,Raritan,5435,1,5435,115,
2123122,15,248818,Raritan,5441,1,5441,115,
2123123,15,248818,Raritan,5451,1,5451,115,
2123124,15,248818,Newark Penn Station,5710,0,5710,15,
2123125,15,248818,High Bridge,5733,1,5733,115,
2123126,15,248818,High Bridge,5747,1,5747,115,
2123127,2,248818,Penn Station New York,6202,0,6202,22,
2123128,2,248818,Montclair State University,6213,1,6213,122,
2123129,2,248818,Penn Station New York,6214,0,6214,22,
2123130,2,248818,Montclair State University,6219,1,6219,122,
2123131,2,248818,Penn Station New York,6222,0,6222,22,
2123132,2,248818,Montclair State University,6227,1,6227,122,
2123133,2,248818,Penn Station New York,6230,0,6230,22,
2123134,2,248818,Montclair State University,6231,1,6231,122,
2123135,2,248818,Montclair State University,6233,1,6233,122,
2123136,2,248818,Penn Station New York,6234,0,6234,22,
2123137,2,248818,Montclair State University,6241,1,6241,122,
2123138,2,248818,Montclair State University,6245,1,6245,122,
2123139,2,248818,Montclair State University,6251,1,6251,122,
2123140,2,248818,Montclair State University,6253,1,6253,122,
2123141,2,248818,Montclair State University,6263,1,6263,122,
2123142,2,248818,Penn Station New York,6274,0,6274,22,
2123143,2,248818,Montclair State University,6283,1,6283,122,
2123144,2,248818,Montclair State University,6291,1,6291,122,
2123145,2,248818,Montclair State University,6293,1,6293,122,
2123146,2,248818,Montclair State University,6297,1,6297,122,
2123147,2,248818,Montclair State University,6299,1,6299,122,
2123148,7,248818,Summit,6317,1,6317,127,
2123149,7,248818,Penn Station New York,6320,0,6320,27,
2123150,7,248818,Penn Station New York,6324,0,6324,27,
2123151,7,248818,Penn Station New York,6328,0,6328,27,
2123152,7,248818,Penn Station New York,6332,0,6332,27,
2123153,7,248818,Summit,6339,1,6339,127,
2123154,7,248818,Summit,6341,1,6341,127,
2123155,7,248818,Summit,6343,1,6343,127,
2123156,7,248818,Summit,6359,1,6359,127,
2123157,7,248818,Penn Station New York,6604,0,6604,27,
2123158,7,248818,Dover,6607,1,6607,127,
2123159,7,248818,Dover,6613,1,6613,127,
2123160,7,248818,Dover,6619,1,6619,127,
2123161,7,248818,Dover,6621,1,6621,127,
2123162,7,248818,Penn Station New York,6624,0,6624,27,
2123163,7,248818,Dover,6625,1,6625,127,
2123164,7,248818,Dover,6631,1,6631,127,
2123165,7,248818,Penn Station New York,6640,0,6640,27,
2123166,7,248818,Dover,6641,1,6641,127,
2123167,7,248818,Penn Station New York,6644,0,6644,27,
2123168,7,248818,Penn Station New York,6648,0,6648,27,
2123169,7,248818,Penn Station New York,6650,0,6650,27,
2123170,7,248818,Dover,6653,1,6653,127,
2123171,7,248818,Penn Station New York,6654,0,6654,27,
2123172,7,248818,Penn Station New York,6656,0,6656,27,
2123173,7,248818,Penn Station New York,6658,0,6658,27,
2123174,7,248818,Dover,6659,1,6659,127,
2123175,7,248818,Penn Station New York,6662,0,6662,27,
2123176,7,248818,Dover,6667,1,6667,127,
2123177,7,248818,Dover,6663,1,6663,127,
2123178,7,248818,Penn Station New York,6666,0,6666,27,
2123179,7,248818,Penn Station New York,6668,0,6668,27,
2123180,7,248818,Penn Station New York,6670,0,6670,27,
2123181,7,248818,Dover,6671,1,6671,127,
2123182,7,248818,Dover,6675,1,6675,127,
2123183,7,248818,Dover,6677,1,6677,127,
2123184,7,248818,Dover,6679,1,6679,127,
2123185,5,248818,Ridgewood,1351,1,1351,105,
2123186,10,248818,Bay Head,4331,1,4331,110,
2123187,9,248818,Trenton Station,3839,1,3839,109,
2123188,9,248818,Trenton Station,3841,1,3841,109,
2123189,9,248818,Trenton Station,3845,1,3845,109,
2123190,10,248818,South Amboy,3509,1,3509,120,
2123194,2,248818,Dover,1001,1,1001,102,
2123195,2,248818,Lake Hopatcong,1011,1,1011,102,
2123196,2,248818,Mount Olive,1055,1,1055,102,
2123197,2,248818,Hoboken,1074,0,1074,2,
2123199,2,248818,Hackettstown,1087,1,1087,102,
2123202,5,248818,Suffern,1155,1,1155,105,
2123203,5,248818,Waldwick,1245,1,1245,105,
2123204,5,248818,Waldwick,1247,1,1247,105,
2123205,5,248818,Waldwick,1249,1,1249,105,
2123206,5,248818,Hoboken,1252,0,1252,5,
2123207,5,248818,Hoboken,1254,0,1254,5,
2123208,5,248818,Hoboken,1174,0,1174,5,
2123209,5,248818,Hoboken,1182,0,1182,5,
2123210,6,248818,Suffern,1117,1,1117,125,
2123211,5,248818,Suffern,1157,1,1157,105,
2123212,5,248818,Suffern,1159,1,1159,105,
2123213,5,248818,Suffern,1161,1,1161,105,
2123214,5,248818,Suffern,1173,1,1173,105,
2123215,5,248818,Suffern,1175,1,1175,105,
2123216,5,248818,Hoboken,1150,0,1150,5,
2123217,5,248818,Hoboken,1152,0,1152,5,
2123218,5,248818,Hoboken,1154,0,1154,5,
2123219,5,248818,Hoboken,1156,0,1156,5,
2123220,5,248818,Hoboken,1160,0,1160,5,
2123221,5,248818,Hoboken,1178,0,1178,5,
2123222,5,248818,Suffern,1147,1,1147,105,
2123223,5,248818,Hoboken,1168,0,1168,5,
2123224,6,248818,Suffern,1171,1,1171,125,
2123225,5,248818,Suffern,1179,1,1179,105,
2123226,5,248818,Hoboken,1184,0,1184,5,
2123227,5,248818,Hoboken,1186,0,1186,5,
2123228,5,248818,Waldwick,1263,1,1263,105,
2123229,5,248818,Hoboken,1264,0,1264,5,
2123230,5,248818,Hoboken,1266,0,1266,5,
2123231,5,248818,Waldwick,1269,1,1269,105,
2123232,5,248818,Waldwick,1271,1,1271,105,
2123233,5,248818,Hoboken,1272,0,1272,5,
2123234,5,248818,Hoboken,1278,0,1278,5,
2123235,5,248818,Ridgewood,1353,1,1353,105,
2123236,2,248818,Montclair State University,6215,1,6215,122,
2123238,9,248818,Jersey Avenue,3709,1,3709,109,
2123240,10,248818,Bay Head,4321,1,4321,110,
2123241,15,248818,High Bridge,5197,1,5197,115,
2123242,9,248818,Jersey Avenue,3721,1,3721,109,
2123243,15,248818,Raritan,5123,1,5123,115,
2123244,15,248818,Raritan,5127,1,5127,115,
2123245,15,248818,Newark Penn Station,5438,0,5438,15,
2123246,9,248818,Penn Station New York,3850,0,3850,9,
2123247,13,248818,Hoboken,1632,0,1632,13,
2123248,13,248818,Spring Valley,1623,1,1623,113,
2123250,13,248818,Spring Valley,1621,1,1621,113,
2123251,13,248818,New Bridge Landing,1653,1,1653,113,
2123252,2,248818,Penn Station New York,6278,0,6278,22,
2123253,2,248818,Penn Station New York,6280,0,6280,22,
2123255,15,248818,Raritan,5415,1,5415,115,
2123256,15,248818,Newark Penn Station,5440,0,5440,15,
2123257,9,248818,Penn Station New York,3154,0,3154,9,
2123258,7,248818,Dover,6627,1,6627,127,
2123259,2,248818,Penn Station New York,6238,0,6238,22,
2123260,10,248818,Bay Head,4383,1,4383,110,
2123261,9,248818,Penn Station New York,3954,0,3954,9,
2123262,7,248818,Summit,6315,1,6315,127,
2123263,7,248818,Dover,6617,1,6617,127,
2123264,15,248818,Penn Station New York,5134,0,5134,15,
2123265,15,248818,Raritan,5121,1,5121,115,
2123266,15,248818,High Bridge,5179,1,5179,115,
2123267,7,248818,Hoboken,0600,0,0600,7,
2123268,9,248818,Penn Station New York,3718,0,3718,9,
2123269,7,248818,Penn Station New York,6628,0,6628,27,
2123271,6,248818,Port Jervis,0043,1,0043,135,
2123272,5,248818,Port Jervis,0045,1,0045,145,
2123273,6,248818,Hoboken,0048,0,0048,35,
2123274,6,248818,Hoboken,0050,0,0050,35,
2123275,6,248818,Port Jervis,0051,1,0051,135,
2123276,6,248818,Hoboken,0052,0,0052,35,
2123277,6,248818,Port Jervis,0053,1,0053,135,
2123278,6,248818,Hoboken,0054,0,0054,35,
2123279,6,248818,Hoboken,0056,0,0056,35,
2123280,6,248818,Port Jervis,0057,1,0057,135,
2123281,6,249107,Hoboken,0058,0,0058,35,
2123282,6,248818,Port Jervis,0061,1,0061,135,
2123283,5,248818,Hoboken,0062,0,0062,45,
2123284,6,248818,Port Jervis,0063,1,0063,135,
2123285,6,248818,Hoboken,0064,0,0064,35,
2123286,6,248818,Port Jervis,0065,1,0065,135,
2123287,5,248818,Hoboken,0068,0,0068,45,
2123288,2,248818,Hoboken,0208,0,0208,2,
2123289,2,248818,Hoboken,0212,0,0212,2,
2123290,2,248818,Hoboken,0262,0,0262,2,
2123291,7,248818,Hoboken,0336,0,0336,7,
2123292,7,248818,Summit,0339,1,0339,107,
2123293,7,248818,Dover,0607,1,0607,107,
2123294,7,248818,Hoboken,0660,0,0660,7,
2123295,7,248818,Dover,0645,1,0645,107,
2123296,7,248818,Dover,0657,1,0657,107,
2123297,7,248818,Dover,0665,1,0665,107,
2123298,7,248818,Hoboken,0674,0,0674,7,
2123299,7,248818,Hoboken,0808,0,0808,7,
2123300,7,248818,Hackettstown,0851,1,0851,107,
2123301,7,248818,Mount Olive,0853,1,0853,107,
2123302,7,248818,Hoboken,0854,0,0854,7,
2123303,7,248818,Hoboken,0858,0,0858,7,
2123304,7,248818,Hackettstown,0871,1,0871,107,
2123305,7,248818,Hackettstown,0877,1,0877,107,
2123306,7,248818,Hoboken,0880,0,0880,7,
2123307,7,248818,Hoboken,0882,0,0882,7,
2123308,7,248818,Hoboken,0884,0,0884,7,
2123309,2,248818,Hoboken,1006,0,1006,2,
2123310,2,248818,Mount Olive,1061,1,1061,102,
2123311,2,248818,Hackettstown,1085,1,1085,102,
2123312,5,248818,Hoboken,1162,0,1162,5,
2123313,5,248818,Suffern,1177,1,1177,105,
2123314,5,248818,Hoboken,1276,0,1276,5,
2123315,13,248818,Hoboken,1602,0,1602,13,
2123316,13,248818,Hoboken,1604,0,1604,13,
2123317,13,248818,Hoboken,1606,0,1606,13,
2123318,13,248818,Spring Valley,1625,1,1625,113,
2123319,13,248818,Spring Valley,1631,1,1631,113,
2123320,13,248818,Spring Valley,1633,1,1633,113,
2123321,13,248818,Hoboken,1634,0,1634,13,
2123322,13,248818,Hoboken,1636,0,1636,13,
2123323,13,248818,Spring Valley,1637,1,1637,113,
2123324,13,248818,Spring Valley,1641,1,1641,113,
2123325,13,248818,Spring Valley,1643,1,1643,113,
2123326,13,248818,Spring Valley,1645,1,1645,113,
2123327,13,248818,Spring Valley,1647,1,1647,113,
2123328,9,248818,Penn Station New York,3700,0,3700,9,
2123329,9,248818,Jersey Avenue,3705,1,3705,109,
2123330,9,248818,Penn Station New York,3716,0,3716,9,
2123331,9,248818,Penn Station New York,3722,0,3722,9,
2123332,9,248818,Penn Station New York,3736,0,3736,9,
2123333,9,248818,Penn Station New York,3810,0,3810,9,
2123334,9,248818,Penn Station New York,3830,0,3830,9,
2123335,9,248818,Penn Station New York,3838,0,3838,9,
2123336,9,248818,Penn Station New York,3844,0,3844,9,
2123337,9,248818,Trenton Station,3855,1,3855,109,
2123338,9,248818,Penn Station New York,3858,0,3858,9,
2123339,9,248818,Penn Station New York,3860,0,3860,9,
2123340,9,248818,Penn Station New York,3862,0,3862,9,
2123341,9,248818,Penn Station New York,3870,0,3870,9,
2123342,9,248818,Trenton Station,3885,1,3885,109,
2123343,9,248818,Penn Station New York,3896,0,3896,9,
2123344,9,248818,Penn Station New York,3910,0,3910,9,
2123345,9,248818,Trenton Station,3915,1,3915,109,
2123346,9,248818,Penn Station New York,3930,0,3930,9,
2123347,9,248818,Penn Station New York,3932,0,3932,9,
2123348,9,248818,Penn Station New York,3934,0,3934,9,
2123349,9,248818,Penn Station New York,3936,0,3936,9,
2123430,9,248818,Trenton Station,3805,1,3805,109,
2123431,9,248818,Trenton Station,3823,1,3823,109,
2123443,5,248818,Waldwick,1281,1,1281,105,
2123447,7,248818,Penn Station New York,6674,0,6674,27,
2123448,7,248818,Hoboken,0312,0,0312,7,
2123449,7,248818,Hoboken,0626,0,0626,7,
2123450,2,248818,Montclair State University,0211,1,0211,102,
2123451,2,248818,Dover,1009,1,1009,102,
2123452,10,248818,Bay Head,4335,1,4335,110,
2123453,15,248818,High Bridge,5193,1,5193,115,
2123454,15,248818,Raritan,5155,1,5155,115,
2123455,15,248818,Penn Station New York,5126,0,5126,15,
2123456,9,248818,Jersey Avenue,3725,1,3725,109,
2123457,10,248818,South Amboy,3595,1,3595,120,
2123458,14,248818,Princeton Junction,4122,0,4122,14,
2123459,14,248818,Princeton Junction,4124,0,4124,14,
2123460,14,248818,Princeton Junction,4126,0,4126,14,
2123461,14,248818,Princeton Junction,4128,0,4128,14,
2123462,14,248818,Princeton Junction,4160,0,4160,14,
2123463,14,248818,Princeton Junction,4152,0,4152,14,
2123464,14,248818,Princeton Junction,4150,0,4150,14,
2123465,14,248818,Princeton Station,4151,1,4151,114,
2123466,14,248818,Princeton Station,4149,1,4149,114,
2123467,14,248818,Princeton Station,4147,1,4147,114,
2123468,14,248818,Princeton Station,4145,1,4145,114,
2123469,14,248818,Princeton Station,4143,1,4143,114,
2123470,14,248818,Princeton Station,4127,1,4127,114,
2123471,14,248818,Princeton Station,4117,1,4117,114,
2123472,5,248818,Suffern,1169,1,1169,105,
2123473,7,248818,Penn Station New York,6676,0,6676,27,
2123489,15,248818,Newark Penn Station,5456,0,5456,15,
2123490,15,248818,Newark Penn Station,5458,0,5458,15,
2123492,1,248818,Atlantic City Terminal,4615,0,4615,1,
2123493,1,248818,Atlantic City Terminal,4617,0,4617,1,
2123494,1,248818,Atlantic City Terminal,4631,0,4631,1,
2123495,1,248818,Atlantic City Terminal,4633,0,4633,1,
2123496,5,248818,Port Jervis,0041,1,0041,145,
2123497,15,248818,Newark Penn Station,5448,0,5448,15,
2123500,13,248818,Hoboken,1610,0,1610,13,
2123501,14,248818,Princeton Junction,4118,0,4118,14,
2123511,2,248818,Penn Station New York,6226,0,6226,22,
2123512,9,248818,Jersey Avenue,3713,1,3713,109,
2123513,15,248818,Newark Penn Station,5444,0,5444,15,
2123514,15,248818,Newark Penn Station,5902,0,5902,15,
2123515,9,248818,Penn Station New York,3852,0,3852,9,
2123516,14,248818,Princeton Junction,4148,0,4148,14,
2123517,9,248818,Trenton Station,3937,1,3937,109,
2123518,14,248818,Princeton Station,4155,1,4155,114,
2123519,9,248818,Trenton Station,3969,1,3969,109,
2123520,9,248818,Trenton Station,3883,1,3883,109,
2123521,2,248818,Denville,1003,1,1003,102,
2123522,7,248818,Summit,0309,1,0309,107,
2123523,7,248818,Dover,0609,1,0609,107,
2123524,6,248818,"Middletown, NY",0047,1,0047,135,
2123525,13,248818,Hoboken,1612,0,1612,13,
2123526,2,248818,Hoboken,1002,0,1002,2,
2123527,15,248818,Newark Penn Station,5718,0,5718,15,
2123528,15,248818,Newark Penn Station,5714,0,5714,15,
2123529,13,248818,Hoboken,1608,0,1608,13,
2123530,14,248818,Princeton Station,4153,1,4153,114,
2123531,14,248818,Princeton Junction,4180,0,4180,14,
2123532,14,248818,Princeton Station,4181,1,4181,114,
2123533,14,248818,Princeton Junction,4182,0,4182,14,
2123534,14,248818,Princeton Station,4183,1,4183,114,
2123536,13,248818,Spring Valley,1605,1,1605,113,
2123537,13,249107,Hoboken,1622,0,1622,13,
2123538,13,248818,Hoboken,1630,0,1630,13,
2123539,13,248818,Hoboken,1626,0,1626,13,
2123540,13,248818,Hoboken,1624,0,1624,13,
2123541,13,248818,Spring Valley,1607,1,1607,113,
2123542,13,248818,Spring Valley,1611,1,1611,113,
2123543,13,248818,Spring Valley,1613,1,1613,113,
2123544,13,248818,Spring Valley,1617,1,1617,113,
2123545,13,248818,Hoboken,1628,0,1628,13,
2123547,15,248818,High Bridge,5175,1,5175,115,
2123548,15,248818,Penn Station New York,5176,0,5176,15,
2123549,15,248818,High Bridge,5719,1,5719,115,
2123550,15,248818,Newark Penn Station,5742,0,5742,15,
2123551,2,248818,Montclair State University,6237,1,6237,122,
2123552,7,248818,Hoboken,0330,0,0330,7,
2123554,7,248818,Summit,0325,1,0325,107,
2123555,8,248818,Hoboken,0400,0,0400,8,
2123556,8,248818,Gladstone,0411,1,0411,108,
2123557,8,248818,Hoboken,0412,0,0412,8,
2123558,8,248818,Gladstone,0413,1,0413,108,
2123559,8,248818,Hoboken,0414,0,0414,8,
2123560,8,248818,Gladstone,0415,1,0415,108,
2123561,8,248818,Hoboken,0416,0,0416,8,
2123562,8,248818,Gladstone,0417,1,0417,108,
2123563,8,248818,Hoboken,0420,0,0420,8,
2123564,8,248818,Hoboken,0422,0,0422,8,
2123565,8,248818,Hoboken,0424,0,0424,8,
2123566,8,248818,Hoboken,0426,0,0426,8,
2123567,8,248818,Gladstone,0429,1,0429,108,
2123568,8,248818,Hoboken,0434,0,0434,8,
2123569,8,248818,Gladstone,0435,1,0435,108,
2123570,8,248818,Gladstone,0439,1,0439,108,
2123571,8,248818,Hoboken,0440,0,0440,8,
2123572,8,248818,Hoboken,0442,0,0442,8,
2123573,8,248818,Gladstone,0451,1,0451,108,
2123574,8,248818,Gladstone,0453,1,0453,108,
2123575,8,248818,Hoboken,0480,0,0480,8,
2123576,8,248818,Bernardsville,0481,1,0481,108,
2123579,8,248818,Gladstone,0447,1,0447,108,
2123580,8,248818,Hoboken,0438,0,0438,8,
2123581,8,248818,Gladstone,0443,1,0443,108,
2123582,8,248818,Gladstone,0449,1,0449,108,
2123583,8,248818,Gladstone,0423,1,0423,108,
2123584,8,248818,Gladstone,0427,1,0427,108,
2123585,8,248818,Hoboken,0430,0,0430,8,
2123586,8,248818,Hoboken,0432,0,0432,8,
2123587,8,248818,Bernardsville,0485,1,0485,108,
2123588,8,248818,Gladstone,0421,1,0421,108,
2123589,9,248818,Penn Station New York,3834,0,3834,9,
2123590,7,248818,Penn Station New York,6672,0,6672,27,
2123592,9,248818,Penn Station New York,3876,0,3876,9,
2123593,5,248818,Suffern,1165,1,1165,105,
2123594,6,248818,Port Jervis,0055,1,0055,135,
2123595,5,248818,Ridgewood,1357,1,1357,105,
2123596,13,248818,Spring Valley,1627,1,1627,113,
2123597,15,248818,Newark Penn Station,5408,0,5408,15,
2123598,5,248818,Hoboken,1274,0,1274,5,
2123599,7,248818,Dover,6643,1,6643,127,
2123600,5,248818,Suffern,1167,1,1167,105,
2123601,14,248818,Princeton Station,4173,1,4173,114,
2123602,14,248818,Princeton Junction,4174,0,4174,14,
2123604,9,248818,Penn Station New York,3856,0,3856,9,
2123607,15,248818,Hoboken,2406,0,2406,55,
2123609,15,248818,Raritan,5439,1,5439,115,
2123611,2,248818,Montclair State University,0275,1,0275,102,
2123612,2,248818,Montclair State University,6295,1,6295,122,
2123613,14,248818,Princeton Station,4119,1,4119,114,
2123614,14,248818,Princeton Junction,4120,0,4120,14,
2123615,14,248818,Princeton Junction,4130,0,4130,14,
2123637,5,248818,Hoboken,1158,0,1158,5,
2123638,7,248818,Hoboken,0852,0,0852,7,
2123639,7,248818,Hoboken,0308,0,0308,7,
2123640,8,248818,Hoboken,0408,0,0408,8,
2123641,7,248818,Hoboken,0682,0,0682,7,
2123644,14,248818,Princeton Junction,4116,0,4116,14,
2123646,9,248818,Penn Station New York,3808,0,3808,9,
2123647,9,248818,Penn Station New York,3720,0,3720,9,
2123648,7,248818,Penn Station New York,6620,0,6620,27,
2123649,2,248818,Penn Station New York,6216,0,6216,22,
2123650,9,248818,Penn Station New York,3836,0,3836,9,
2123651,7,248818,Penn Station New York,6636,0,6636,27,
2123652,9,248818,Penn Station New York,3848,0,3848,9,
2123653,9,248818,Jersey Avenue,3753,1,3753,109,
2123654,9,248818,Trenton Station,3847,1,3847,109,
2123655,9,248818,Trenton Station,3849,1,3849,109,
2123656,7,248818,Dover,6639,1,6639,127,
2123657,10,248818,South Amboy,3513,1,3513,120,
2123658,9,248818,Trenton Station,3815,1,3815,109,
2123659,9,248818,Trenton Station,3817,1,3817,109,
2123661,9,248818,Trenton Station,3827,1,3827,109,
2123662,9,248818,Trenton Station,3831,1,3831,109,
2123663,8,248818,Hoboken,0404,0,0404,8,
2123664,8,248818,Gladstone,0409,1,0409,108,
2123665,8,248818,Hoboken,0418,0,0418,8,
2123666,8,248818,Gladstone,0419,1,0419,108,
2123667,8,248818,Hoboken,0428,0,0428,8,
2123668,15,248818,Penn Station New York,5132,0,5132,15,
2123669,8,248818,Penn Station New York,6406,0,6406,28,
2123670,2,248818,Hoboken,0204,0,0204,2,
2123672,2,248818,Montclair State University,6209,1,6209,122,
2123673,2,248818,Penn Station New York,6200,0,6200,22,
2123674,7,248818,Penn Station New York,6602,0,6602,27,
2123675,7,248818,Hoboken,0608,0,0608,7,
2123676,7,248818,Dover,6611,1,6611,127,
2123677,8,248818,Hoboken,0402,0,0402,8,
2123678,7,248818,Summit,0301,1,0301,107,
2123680,2,248818,Penn Station New York,6204,0,6204,22,
2123681,9,248818,Penn Station New York,3702,0,3702,9,
2123682,5,248818,Hoboken,1146,0,1146,5,
2123683,5,248818,Hoboken,0042,0,0042,45,
2123684,7,248818,Penn Station New York,6664,0,6664,27,
2123685,7,248818,Summit,6305,1,6305,127,
2123687,15,248818,Newark Penn Station,5404,0,5404,15,
2123688,9,248818,Trenton Station,3821,1,3821,109,
2123689,7,248818,Penn Station New York,6632,0,6632,27,
2123690,9,248818,Trenton Station,3843,1,3843,109,
2123691,9,248818,Penn Station New York,3846,0,3846,9,
2123692,9,248818,Jersey Avenue,3165,1,3165,109,
2123693,7,248818,Dover,6635,1,6635,127,
2123694,9,248818,Penn Station New York,3874,0,3874,9,
2123696,9,248818,Jersey Avenue,3719,1,3719,109,
2123697,9,248818,Trenton Station,3833,1,3833,109,
2123698,9,248818,Trenton Station,3965,1,3965,109,
2123699,9,248818,Trenton Station,3889,1,3889,109,
2123700,9,248818,Trenton Station,3825,1,3825,109,
2123701,9,248818,Trenton Station,3835,1,3835,109,
2123702,9,248818,Trenton Station,3857,1,3857,109,
2123703,9,248818,Penn Station New York,3864,0,3864,9,
2123704,15,248818,Penn Station New York,5154,0,5154,15,
2123706,7,248818,Hoboken,0872,0,0872,7,
2123707,2,248818,Penn Station New York,6258,0,6258,22,
2123708,9,248818,Penn Station New York,3866,0,3866,9,
2123709,9,248818,Penn Station New York,3886,0,3886,9,
2123712,14,248818,Princeton Station,4113,1,4113,114,
2123713,14,248818,Princeton Junction,4114,0,4114,14,
2123714,14,248818,Princeton Station,4115,1,4115,114,
2123715,14,248818,Princeton Station,4121,1,4121,114,
2123716,14,248818,Princeton Station,4129,1,4129,114,
2123717,14,248818,Princeton Junction,4162,0,4162,14,
2123718,14,248818,Princeton Junction,4184,0,4184,14,
2123719,9,248818,Penn Station New York,3880,0,3880,9,
2123721,9,248818,Trenton Station,3887,1,3887,109,
2123722,9,248818,Jersey Avenue,3737,1,3737,109,
2123723,9,248818,Penn Station New York,3892,0,3892,9,
2123724,9,248818,Trenton Station,3893,1,3893,109,
2123725,9,248818,Penn Station New York,3742,0,3742,9,
2123726,14,248818,Princeton Junction,4188,0,4188,14,
2123727,14,248818,Princeton Junction,4190,0,4190,14,
2123728,14,248818,Princeton Station,4189,1,4189,114,
2123729,14,248818,Princeton Station,4191,1,4191,114,
2123730,14,248818,Princeton Station,4193,1,4193,114,
2123731,14,248818,Princeton Junction,4192,0,4192,14,
2123732,14,248818,Princeton Junction,4186,0,4186,14,
2123733,14,248818,Princeton Station,4185,1,4185,114,
2123734,14,248818,Princeton Station,4187,1,4187,114,
2123736,9,248818,Penn Station New York,3872,0,3872,9,
2123738,2,248818,Hoboken,0264,0,0264,2,
2123739,2,248818,Penn Station New York,6246,0,6246,22,
2123740,7,248818,Penn Station New York,6368,0,6368,27,
2123744,10,248818,South Amboy,3505,1,3505,120,
2123745,10,248818,Bay Head,4367,1,4367,110,
2123746,9,248818,Trenton Station,3953,1,3953,109,
2123747,6,248818,Port Jervis,0067,1,0067,135,
2123748,6,248818,Hoboken,1110,0,1110,25,
2123749,6,248818,Suffern,1111,1,1111,125,
2123750,6,248818,Hoboken,1112,0,1112,25,
2123751,6,248818,Suffern,1113,1,1113,125,
2123752,6,248818,Hoboken,1114,0,1114,25,
2123753,6,248818,Hoboken,1116,0,1116,25,
2123754,6,248818,Hoboken,1118,0,1118,25,
2123755,6,248818,Hoboken,1132,0,1132,25,
2123756,6,248818,Suffern,1107,1,1107,125,
2123758,6,248818,Hoboken,1234,0,1234,25,
2123759,6,248818,Hoboken,1102,0,1102,25,
2123760,6,248818,Suffern,1131,1,1131,125,
2123761,6,248818,Waldwick,1207,1,1207,125,
2123762,6,248818,Waldwick,1223,1,1223,125,
2123763,6,248818,Waldwick,1225,1,1225,125,
2123764,6,248818,Hoboken,1212,0,1212,25,
2123765,6,248818,Hoboken,1130,0,1130,25,
2123766,6,248818,Suffern,1103,1,1103,125,
2123767,6,248818,Suffern,1125,1,1125,125,
2123768,6,248818,Suffern,1127,1,1127,125,
2123769,6,248818,Suffern,1129,1,1129,125,
2123770,6,248818,Waldwick,1215,1,1215,125,
2123771,6,248818,Waldwick,1213,1,1213,125,
2123772,6,248818,Hoboken,1100,0,1100,25,
2123773,6,248818,Hoboken,1202,0,1202,25,
2123774,6,248818,Hoboken,1122,0,1122,25,
2123775,6,248818,Hoboken,1124,0,1124,25,
2123776,6,248818,Hoboken,1126,0,1126,25,
2123777,6,248818,Hoboken,1134,0,1134,25,
2123778,6,248818,Hoboken,1136,0,1136,25,
2123779,6,248818,Hoboken,1208,0,1208,25,
2123780,6,248818,Waldwick,1211,1,1211,125,
2123781,6,248818,Hoboken,1120,0,1120,25,
2123782,6,248818,Hoboken,1220,0,1220,25,
2123783,6,248818,Suffern,1105,1,1105,125,
2123784,6,248818,Suffern,1109,1,1109,125,
2123785,6,248818,Suffern,1115,1,1115,125,
2123786,6,248818,Hoboken,1128,0,1128,25,
2123787,6,248818,Ridgewood,1319,1,1319,125,
2123788,2,248818,Hoboken,1000,0,1000,2,
2123789,13,248818,Spring Valley,1635,1,1635,113,
2123790,2,248818,Hoboken,1070,0,1070,2,
2123792,7,248818,Penn Station New York,6606,0,6606,27,
2123793,5,248818,Hoboken,1148,0,1148,5,
2123794,13,248818,Spring Valley,1629,1,1629,113,
2123796,7,248818,Lake Hopatcong,0807,1,0807,107,
2123797,7,248818,Hackettstown,0881,1,0881,107,
2123798,8,248818,Gladstone,0433,1,0433,108,
2123799,7,248818,Summit,6351,1,6351,127,
2123800,2,248818,Montclair State University,6273,1,6273,122,
2123801,9,248818,Penn Station New York,3738,0,3738,9,
2123802,10,248818,South Amboy,3515,1,3515,120,
2123804,7,248818,Summit,6355,1,6355,127,
2123805,2,248818,Penn Station New York,6252,0,6252,22,
2123806,7,248818,Summit,6363,1,6363,127,
2123807,9,248818,Trenton Station,3875,1,3875,109,
2123808,10,248818,Long Branch,4398,0,4398,10,
2123809,10,248818,Penn Station New York,3202,0,3202,20,
2123810,10,248818,Penn Station New York,3204,0,3204,20,
2123811,10,248818,Penn Station New York,3208,0,3208,20,
2123812,10,248818,Penn Station New York,3210,0,3210,20,
2123813,10,248818,Long Branch,4310,0,4310,10,
2123814,10,248818,Penn Station New York,3240,0,3240,20,
2123815,10,248818,Long Branch,4340,0,4340,10,
2123816,10,248818,Penn Station New York,3228,0,3228,20,
2123817,10,248818,Long Branch,4330,0,4330,10,
2123818,10,248818,Penn Station New York,3508,0,3508,20,
2123819,10,248818,Penn Station New York,3234,0,3234,20,
2123820,10,248818,Long Branch,4334,0,4334,10,
2123821,10,248818,Penn Station New York,3236,0,3236,20,
2123822,9,248818,Trenton Station,3957,1,3957,109,
2123823,10,248818,Penn Station New York,3244,0,3244,20,
2123824,10,248818,Long Branch,4344,0,4344,10,
2123825,10,248818,Long Branch,4352,0,4352,10,
2123826,10,248818,Long Branch,4360,0,4360,10,
2123827,10,248818,Penn Station New York,3510,0,3510,20,
2123828,10,248818,Penn Station New York,3598,0,3598,20,
2123829,10,248818,Penn Station New York,3512,0,3512,20,
2123830,10,248818,Long Branch,4372,0,4372,10,
2123831,10,248818,Penn Station New York,3514,0,3514,20,
2123832,10,248818,Penn Station New York,3278,0,3278,20,
2123833,10,248818,Long Branch,4378,0,4378,10,
2123834,10,248818,Penn Station New York,3284,0,3284,20,
2123835,10,248818,Long Branch,4384,0,4384,10,
2123836,10,248818,Penn Station New York,3288,0,3288,20,
2123837,10,248818,Penn Station New York,3292,0,3292,20,
2123838,10,248818,Long Branch,4392,0,4392,10,
2123839,10,248818,Long Branch,3215,1,3215,120,
2123840,10,248818,Long Branch,3217,1,3217,120,
2123841,10,248818,Long Branch,3221,1,3221,120,
2123842,10,248818,Long Branch,3223,1,3223,120,
2123843,10,248818,Long Branch,3227,1,3227,120,
2123844,10,248818,Long Branch,3231,1,3231,120,
2123845,10,248818,Bay Head,4351,1,4351,110,
2123846,10,248818,Bay Head,4355,1,4355,110,
2123847,10,248818,Long Branch,3281,1,3281,120,
2123848,10,248818,Long Branch,3283,1,3283,120,
2123849,10,248818,Long Branch,3285,1,3285,120,
2123850,10,248818,Long Branch,3289,1,3289,120,
2123851,10,248818,Long Branch,3293,1,3293,120,
2123852,10,248818,Long Branch,3297,1,3297,120,
2123853,10,248818,Long Branch,3201,1,3201,120,
2123854,10,248818,Long Branch,3205,1,3205,120,
2123855,9,248818,Trenton Station,3837,1,3837,109,
2123856,7,248818,Summit,6307,1,6307,127,
2123857,2,248818,Penn Station New York,6242,0,6242,22,
2123859,14,248818,Princeton Station,4175,1,4175,114,
2123860,14,248818,Princeton Station,4177,1,4177,114,
2123861,14,248818,Princeton Junction,4178,0,4178,14,
2123862,14,248818,Princeton Station,4179,1,4179,114,
2123863,10,248818,Bay Head,4379,1,4379,110,
2123864,15,248818,Newark Penn Station,5422,0,5422,15,
2123865,7,248818,Dover,0643,1,0643,107,
2123866,2,248818,Montclair State University,0267,1,0267,102,
2123867,10,248818,Long Branch,3239,1,3239,120,
2123868,10,248818,Long Branch,3247,1,3247,120,
2123869,10,248818,Penn Station New York,3252,0,3252,20,
2123870,10,248818,Penn Station New York,3256,0,3256,20,
2123871,10,248818,Penn Station New York,3260,0,3260,20,
2123872,10,248818,Penn Station New York,3270,0,3270,20,
2123873,10,248818,Penn Station New York,3272,0,3272,20,
2123874,10,248818,Long Branch,3243,1,3243,120,
2123875,10,248818,Penn Station New York,3266,0,3266,20,
2123876,10,248818,Penn Station New York,3248,0,3248,20,
2123877,10,248818,Long Branch,3235,1,3235,120,
2123878,10,248818,Long Branch,3241,1,3241,120,
2123879,10,248818,Long Branch,3251,1,3251,120,
2123880,10,248818,Long Branch,3271,1,3271,120,
2123881,9,248818,Trenton Station,3861,1,3861,109,
2123882,9,248818,Jersey Avenue,3735,1,3735,109,
2123883,8,248818,Gladstone,6437,1,6437,128,
2123884,14,248818,Princeton Station,4141,1,4141,114,
2123885,9,248818,Penn Station New York,3984,0,3984,9,
2123886,9,248818,Penn Station New York,3806,0,3806,9,
2123887,10,248818,South Amboy,3503,1,3503,120,
2123888,6,248818,Hoboken,0044,0,0044,35,
2123889,6,248818,Hoboken,0046,0,0046,35,
2123890,9,248818,Trenton Station,3895,1,3895,109,
2123892,9,248818,Trenton Station,3801,1,3801,109,
2123893,7,248818,Penn Station New York,6616,0,6616,27,
2123894,6,248818,Hoboken,1204,0,1204,25,
2123895,6,248818,Hoboken,1206,0,1206,25,
2123896,6,248818,Waldwick,1221,1,1221,125,
2123897,13,248818,Hoboken,1614,0,1614,13,
2123898,13,248818,New Bridge Landing,1651,1,1651,113,
2123899,13,248818,Hoboken,1650,0,1650,13,
2123900,13,248818,Hoboken,1652,0,1652,13,
2123901,6,248818,Hoboken,1210,0,1210,25,
2123902,13,248818,Hoboken,1616,0,1616,13,
2123903,13,248818,Hoboken,1620,0,1620,13,
2123904,13,248818,Hoboken,1618,0,1618,13,
2123905,10,248818,Long Branch,3267,1,3267,120,
2123907,5,248818,Suffern,1183,1,1183,105,
2123908,5,248818,Hoboken,0066,0,0066,45,
2123910,9,248818,Penn Station New York,3704,0,3704,9,
2123911,9,248818,Penn Station New York,3812,0,3812,9,
2123913,9,248818,Jersey Avenue,3701,1,3701,109,
2123914,10,248818,Long Branch,3209,1,3209,120,
2123915,9,248818,Trenton Station,3803,1,3803,109,
2123917,7,248818,Dover,6651,1,6651,127,
2123920,9,248818,Trenton Station,3867,1,3867,109,
2123921,15,248818,Penn Station New York,5152,0,5152,15,
2123922,9,248818,Trenton Station,3813,1,3813,109,
2123923,9,248818,Penn Station New York,3800,0,3800,9,
2123925,9,248818,Penn Station New York,3882,0,3882,9,
2123926,15,248818,Newark Penn Station,5746,0,5746,15,
2123927,15,248818,Penn Station New York,5170,0,5170,15,
2123928,9,248818,Penn Station New York,3888,0,3888,9,
2123929,10,248818,Penn Station New York,3276,0,3276,20,
2123941,2,248818,Penn Station New York,6270,0,6270,22,
2123942,9,248818,Trenton Station,3879,1,3879,109,
2123943,10,248818,Penn Station New York,3516,0,3516,20,
2123944,9,248818,Trenton Station,3979,1,3979,109,
2123945,9,248818,Trenton Station,3877,1,3877,109,
2123946,2,248818,Penn Station New York,6210,0,6210,22,
2123947,14,248818,Princeton Station,4105,1,4105,114,
2123948,14,248818,Princeton Junction,4106,0,4106,14,
2123950,9,248818,Penn Station New York,3706,0,3706,9,
2123951,9,248818,Penn Station New York,3814,0,3814,9,
2123952,7,248818,Penn Station New York,6610,0,6610,27,
2123953,9,248818,Penn Station New York,3920,0,3920,9,
2123954,9,248818,Penn Station New York,3922,0,3922,9,
2123955,7,248818,Penn Station New York,6614,0,6614,27,
2123956,7,248818,Penn Station New York,6314,0,6314,27,
2123957,7,248818,Penn Station New York,6612,0,6612,27,
2123959,10,248818,Penn Station New York,3502,0,3502,20,
2123960,8,248818,Penn Station New York,6410,0,6410,28,
2123961,9,248818,Penn Station New York,3914,0,3914,9,
2123962,9,248818,Penn Station New York,3924,0,3924,9,
2123963,10,248818,Penn Station New York,3312,0,3312,20,
2123964,10,248818,Penn Station New York,3224,0,3224,20,
2123965,9,248818,Penn Station New York,3712,0,3712,9,
2123966,7,248818,Penn Station New York,6318,0,6318,27,
2123967,10,248818,Penn Station New York,3504,0,3504,20,
2123969,9,248818,Penn Station New York,3926,0,3926,9,
2123970,10,248818,Long Branch,4324,0,4324,10,
2123971,14,248818,Princeton Junction,4108,0,4108,14,
2123972,14,248818,Princeton Station,4109,1,4109,114,
2123973,14,248818,Princeton Junction,4110,0,4110,14,
2123975,9,248818,Trenton Station,3943,1,3943,109,
2123976,9,248818,Jersey Avenue,3723,1,3723,109,
2123977,9,248818,Trenton Station,3947,1,3947,109,
2123978,10,248818,Bay Head,3363,1,3363,120,
2123979,9,248818,Trenton Station,3949,1,3949,109,
2123980,10,248818,South Amboy,3511,1,3511,120,
2123981,10,248818,Long Branch,3265,1,3265,120,
2123983,8,248818,Gladstone,6431,1,6431,128,
2123984,15,248818,High Bridge,5737,1,5737,115,
2123985,2,248818,Montclair State University,6279,1,6279,122,
2123988,9,248818,Penn Station New York,3868,0,3868,9,
2123989,14,248818,Princeton Station,4161,1,4161,114,
2123990,14,248818,Princeton Station,4163,1,4163,114,
2123991,14,248818,Princeton Station,4165,1,4165,114,
2123992,14,248818,Princeton Junction,4166,0,4166,14,
2123993,14,248818,Princeton Station,4167,1,4167,114,
2123994,14,248818,Princeton Junction,4168,0,4168,14,
2123995,14,248818,Princeton Station,4169,1,4169,114,
2123996,14,248818,Princeton Junction,4170,0,4170,14,
2123997,14,248818,Princeton Station,4171,1,4171,114,
2123998,14,248818,Princeton Junction,4172,0,4172,14,
2123999,9,248818,Trenton Station,3809,1,3809,109,
2124000,14,248818,Princeton Station,4111,1,4111,114,
2124001,9,248818,Trenton Station,3829,1,3829,109,
2124004,9,248818,Penn Station New York,3826,0,3826,9,
2124005,9,248818,Penn Station New York,3842,0,3842,9,
2124006,9,248818,Penn Station New York,3840,0,3840,9,
2124007,7,248818,Dover,6647,1,6647,127,
2124008,10,248818,Penn Station New York,3222,0,3222,20,
2124009,10,248818,Penn Station New York,3320,0,3320,20,
2124010,10,248818,Penn Station New York,3230,0,3230,20,
2124011,10,248818,Long Branch,3255,1,3255,120,
2124012,10,248818,Long Branch,3275,1,3275,120,
2124013,10,248818,Long Branch,3279,1,3279,120,
2124014,10,248818,Bay Head,3361,1,3361,120,
2124015,9,248818,Penn Station New York,3714,0,3714,9,
2124016,15,248818,Newark Penn Station,5416,0,5416,15,
2124018,10,248818,Penn Station New York,3506,0,3506,20,
2124019,9,248818,Trenton Station,3871,1,3871,109,
2124021,10,248818,Penn Station New York,3218,0,3218,20,
2124022,9,248818,Penn Station New York,3818,0,3818,9,
2124024,9,248818,Penn Station New York,3918,0,3918,9,
2124025,2,248818,Penn Station New York,6206,0,6206,22,
2124026,9,248818,Penn Station New York,3708,0,3708,9,
2124035,5,248821,Hoboken,1786,0,1786,5,
2124040,1,248821,Atlantic City Terminal,4697,0,4697,1,
2124041,6,249752,Ridgewood,1801,1,1801,125,
2124045,14,248820,Princeton Junction,4262,0,4262,14,
2124046,14,248820,Princeton Junction,4256,0,4256,14,
2124047,14,248820,Princeton Junction,4260,0,4260,14,
2124048,14,248820,Princeton Junction,4266,0,4266,14,
2124049,14,248820,Princeton Junction,4268,0,4268,14,
2124050,14,248820,Princeton Junction,4270,0,4270,14,
2124051,14,248820,Princeton Junction,4272,0,4272,14,
2124052,14,248820,Princeton Junction,4274,0,4274,14,
2124053,14,248820,Princeton Junction,4276,0,4276,14,
2124054,14,248820,Princeton Junction,4280,0,4280,14,
2124055,1,248820,Philadelphia 30th St.,4684,1,4684,101,
2124056,1,248820,Philadelphia 30th St.,4688,1,4688,101,
2124057,1,248820,Atlantic City Terminal,4689,0,4689,1,
2124058,1,248820,Atlantic City Terminal,4693,0,4693,1,
2124059,7,248820,Penn Station New York,6910,0,6910,27,
2124060,7,248820,Penn Station New York,6912,0,6912,27,
2124061,7,248820,Dover,6913,1,6913,127,
2124062,7,248820,Penn Station New York,6914,0,6914,27,
2124063,7,248820,Dover,6915,1,6915,127,
2124064,7,248820,Penn Station New York,6916,0,6916,27,
2124065,7,248820,Dover,6917,1,6917,127,
2124066,7,248820,Penn Station New York,6918,0,6918,27,
2124067,7,248820,Dover,6919,1,6919,127,
2124068,7,248820,Penn Station New York,6920,0,6920,27,
2124069,7,248820,Dover,6921,1,6921,127,
2124070,7,248820,Penn Station New York,6922,0,6922,27,
2124071,7,248820,Dover,6923,1,6923,127,
2124072,7,248820,Penn Station New York,6924,0,6924,27,
2124073,7,248820,Penn Station New York,6928,0,6928,27,
2124074,7,248820,Dover,6925,1,6925,127,
2124075,7,248820,Penn Station New York,6926,0,6926,27,
2124076,7,248820,Dover,6927,1,6927,127,
2124077,7,248820,Dover,6929,1,6929,127,
2124078,7,248820,Dover,6931,1,6931,127,
2124079,7,248820,Penn Station New York,6932,0,6932,27,
2124080,7,248820,Dover,6933,1,6933,127,
2124081,7,248820,Penn Station New York,6934,0,6934,27,
2124082,7,248820,Dover,6935,1,6935,127,
2124083,7,248820,Penn Station New York,6936,0,6936,27,
2124084,7,248820,Dover,6937,1,6937,127,
2124085,7,248820,Dover,6943,1,6943,127,
2124086,7,248820,Dover,6939,1,6939,127,
2124087,7,248820,Penn Station New York,6940,0,6940,27,
2124088,7,248820,Dover,6941,1,6941,127,
2124089,7,249498,Penn Station New York,6944,0,6944,27,
2124090,7,248820,Dover,6945,1,6945,127,
2124091,9,248820,Penn Station New York,7808,0,7808,9,
2124092,9,248820,Penn Station New York,7812,0,7812,9,
2124093,9,248820,Penn Station New York,7816,0,7816,9,
2124094,9,248820,Penn Station New York,7824,0,7824,9,
2124095,9,248820,Penn Station New York,7818,0,7818,9,
2124096,9,248820,Penn Station New York,7822,0,7822,9,
2124097,9,248820,Penn Station New York,7828,0,7828,9,
2124098,9,248820,Penn Station New York,7830,0,7830,9,
2124099,9,248820,Penn Station New York,7844,0,7844,9,
2124100,9,248820,Penn Station New York,7834,0,7834,9,
2124101,9,248820,Penn Station New York,7838,0,7838,9,
2124102,9,248820,Penn Station New York,7848,0,7848,9,
2124103,9,248820,Penn Station New York,7846,0,7846,9,
2124104,9,248820,Penn Station New York,7852,0,7852,9,
2124105,9,248820,Penn Station New York,7854,0,7854,9,
2124106,5,249746,Hoboken,1784,0,1784,5,
2124107,5,248820,Suffern,1787,1,1787,105,
2124108,5,249746,Hoboken,1854,0,1854,5,
2124109,5,249746,Waldwick,1855,1,1855,105,
2124110,5,249746,Waldwick,1857,1,1857,105,
2124111,5,249746,Waldwick,1859,1,1859,105,
2124112,5,249746,Waldwick,1863,1,1863,105,
2124113,5,249746,Waldwick,1867,1,1867,105,
2124114,5,249746,Waldwick,1869,1,1869,105,
2124115,5,249746,Waldwick,1871,1,1871,105,
2124116,5,249746,Waldwick,1873,1,1873,105,
2124117,5,249746,Waldwick,1875,1,1875,105,
2124118,5,249746,Waldwick,1877,1,1877,105,
2124119,5,249746,Waldwick,1879,1,1879,105,
2124120,5,249746,Waldwick,1881,1,1881,105,
2124121,5,249746,Waldwick,1883,1,1883,105,
2124122,5,249746,Hoboken,1856,0,1856,5,
2124123,5,249746,Hoboken,1862,0,1862,5,
2124124,5,249746,Hoboken,1866,0,1866,5,
2124125,5,249746,Hoboken,1868,0,1868,5,
2124126,5,249746,Hoboken,1870,0,1870,5,
2124127,5,249746,Hoboken,1872,0,1872,5,
2124128,5,249746,Hoboken,1874,0,1874,5,
2124129,5,249746,Hoboken,1876,0,1876,5,
2124130,5,249746,Hoboken,1878,0,1878,5,
2124131,5,249746,Hoboken,1880,0,1880,5,
2124132,5,249746,Hoboken,1882,0,1882,5,
2124133,9,248820,Trenton Station,7857,1,7857,109,
2124134,9,248820,Trenton Station,7873,1,7873,109,
2124135,9,248820,Trenton Station,7881,1,7881,109,
2124136,9,248820,Trenton Station,7885,1,7885,109,
2124137,5,249746,Hoboken,1858,0,1858,5,
2124138,2,249497,Hoboken,0518,0,0518,2,
2124139,2,249497,Hoboken,0510,0,0510,2,
2124140,2,249497,Hoboken,0514,0,0514,2,
2124141,2,249497,Hoboken,0522,0,0522,2,
2124142,2,249497,Hoboken,0526,0,0526,2,
2124143,2,249497,Hoboken,0534,0,0534,2,
2124144,2,249498,Hoboken,0538,0,0538,2,
2124145,9,248820,Trenton Station,7855,1,7855,109,
2124146,9,248820,Trenton Station,7867,1,7867,109,
2124147,9,248820,Penn Station New York,7856,0,7856,9,
2124148,9,248820,Penn Station New York,7860,0,7860,9,
2124149,9,248820,Penn Station New York,7868,0,7868,9,
2124150,9,248820,Penn Station New York,7872,0,7872,9,
2124151,9,248820,Penn Station New York,7876,0,7876,9,
2124198,9,248820,Penn Station New York,7840,0,7840,9,
2124199,5,249746,Hoboken,1752,0,1752,5,
2124200,9,248820,Penn Station New York,7814,0,7814,9,
2124206,5,248820,Port Jervis,0071,1,0071,145,
2124207,6,249746,Hoboken,0072,0,0072,35,
2124208,5,248820,Port Jervis,0073,1,0073,145,
2124209,5,249746,Hoboken,0074,0,0074,45,
2124210,6,249746,Port Jervis,0075,1,0075,135,
2124211,5,249746,Hoboken,0076,0,0076,45,
2124212,6,248820,Port Jervis,0077,1,0077,135,
2124213,6,249746,Hoboken,0078,0,0078,35,
2124214,6,248820,Port Jervis,0079,1,0079,135,
2124215,6,248820,Hoboken,0080,0,0080,35,
2124216,5,249746,Port Jervis,0081,1,0081,145,
2124217,8,248820,Gladstone,0711,1,0711,108,
2124218,8,248820,Summit,0712,0,0712,8,
2124219,8,248820,Gladstone,0713,1,0713,108,
2124220,8,248820,Summit,0714,0,0714,8,
2124221,8,248820,Gladstone,0715,1,0715,108,
2124222,8,248820,Summit,0716,0,0716,8,
2124223,8,248820,Gladstone,0717,1,0717,108,
2124224,8,248820,Summit,0718,0,0718,8,
2124225,8,248820,Gladstone,0721,1,0721,108,
2124226,8,248820,Gladstone,0719,1,0719,108,
2124227,8,248820,Summit,0720,0,0720,8,
2124228,8,248820,Summit,0722,0,0722,8,
2124229,8,248820,Gladstone,0723,1,0723,108,
2124230,8,248820,Summit,0724,0,0724,8,
2124231,8,248820,Gladstone,0725,1,0725,108,
2124232,8,248820,Gladstone,0729,1,0729,108,
2124233,8,248820,Summit,0726,0,0726,8,
2124234,8,248820,Gladstone,0727,1,0727,108,
2124235,8,248820,Summit,0728,0,0728,8,
2124236,8,248820,Summit,0730,0,0730,8,
2124237,8,248820,Gladstone,0731,1,0731,108,
2124238,8,248820,Summit,0732,0,0732,8,
2124239,8,248820,Gladstone,0733,1,0733,108,
2124240,8,248820,Summit,0734,0,0734,8,
2124241,8,248820,Gladstone,0735,1,0735,108,
2124242,8,248820,Summit,0736,0,0736,8,
2124243,8,248820,Gladstone,0737,1,0737,108,
2124244,8,248820,Summit,0738,0,0738,8,
2124245,8,248820,Gladstone,0739,1,0739,108,
2124246,8,248820,Summit,0740,0,0740,8,
2124247,8,248820,Gladstone,0741,1,0741,108,
2124248,8,248820,Summit,0742,0,0742,8,
2124249,8,248820,Gladstone,0743,1,0743,108,
2124250,8,248820,Summit,0744,0,0744,8,
2124251,8,248820,Summit,0710,0,0710,8,
2124252,13,248820,Hoboken,2100,0,2100,13,
2124253,13,248820,Hoboken,2102,0,2102,13,
2124254,13,248820,Spring Valley,2103,1,2103,113,
2124255,13,248820,Hoboken,2104,0,2104,13,
2124256,13,248820,Hoboken,2106,0,2106,13,
2124257,13,248820,Spring Valley,2107,1,2107,113,
2124258,13,248820,Hoboken,2108,0,2108,13,
2124259,13,248820,Hoboken,2110,0,2110,13,
2124260,13,248820,Spring Valley,2111,1,2111,113,
2124261,13,248820,Hoboken,2112,0,2112,13,
2124262,13,248820,Hoboken,2114,0,2114,13,
2124263,13,248820,Spring Valley,2115,1,2115,113,
2124264,13,248820,Spring Valley,2117,1,2117,113,
2124265,13,248820,Hoboken,2118,0,2118,13,
2124266,13,248820,Spring Valley,2119,1,2119,113,
2124267,13,248820,Spring Valley,2121,1,2121,113,
2124268,13,248820,Hoboken,2122,0,2122,13,
2124269,13,248820,Spring Valley,2123,1,2123,113,
2124270,13,248820,Hoboken,2124,0,2124,13,
2124271,13,248820,Spring Valley,2125,1,2125,113,
2124272,13,248820,Hoboken,2126,0,2126,13,
2124273,13,248820,Spring Valley,2129,1,2129,113,
2124274,13,248820,Spring Valley,2133,1,2133,113,
2124275,1,248820,Philadelphia 30th St.,4660,1,4660,101,
2124276,1,248820,Philadelphia 30th St.,4662,1,4662,101,
2124277,1,248820,Atlantic City Terminal,4685,0,4685,1,
2124278,1,248820,Atlantic City Terminal,4687,0,4687,1,
2124279,1,248820,Atlantic City Terminal,4661,0,4661,1,
2124280,1,248820,Philadelphia 30th St.,4664,1,4664,101,
2124281,1,248820,Philadelphia 30th St.,4668,1,4668,101,
2124282,1,248820,Atlantic City Terminal,4669,0,4669,1,
2124283,1,248820,Philadelphia 30th St.,4670,1,4670,101,
2124284,1,248820,Atlantic City Terminal,4671,0,4671,1,
2124285,1,248820,Atlantic City Terminal,4673,0,4673,1,
2124286,1,248820,Philadelphia 30th St.,4674,1,4674,101,
2124287,1,248820,Atlantic City Terminal,4677,0,4677,1,
2124288,1,248820,Philadelphia 30th St.,4678,1,4678,101,
2124289,1,248820,Atlantic City Terminal,4679,0,4679,1,
2124290,1,248820,Philadelphia 30th St.,4680,1,4680,101,
2124291,1,248820,Philadelphia 30th St.,4682,1,4682,101,
2124292,1,248820,Atlantic City Terminal,4683,0,4683,1,
2124301,7,248820,Penn Station New York,6942,0,6942,27,
2124302,7,248820,Penn Station New York,6908,0,6908,27,
2124303,14,248820,Princeton Junction,4254,0,4254,14,
2124304,14,248820,Princeton Junction,4224,0,4224,14,
2124305,14,248820,Princeton Station,4227,1,4227,114,
2124306,14,248820,Princeton Junction,4226,0,4226,14,
2124307,14,248820,Princeton Station,4229,1,4229,114,
2124308,14,248820,Princeton Junction,4228,0,4228,14,
2124309,14,248820,Princeton Station,4231,1,4231,114,
2124310,14,248820,Princeton Junction,4230,0,4230,14,
2124311,14,248820,Princeton Station,4233,1,4233,114,
2124312,14,248820,Princeton Junction,4232,0,4232,14,
2124313,14,248820,Princeton Junction,4234,0,4234,14,
2124314,14,248820,Princeton Station,4237,1,4237,114,
2124315,14,248820,Princeton Junction,4236,0,4236,14,
2124316,14,248820,Princeton Station,4239,1,4239,114,
2124317,14,248820,Princeton Junction,4238,0,4238,14,
2124318,14,248820,Princeton Station,4241,1,4241,114,
2124319,14,248820,Princeton Junction,4240,0,4240,14,
2124320,14,248820,Princeton Junction,4242,0,4242,14,
2124321,14,248820,Princeton Junction,4246,0,4246,14,
2124322,14,248820,Princeton Station,4249,1,4249,114,
2124323,14,248820,Princeton Junction,4248,0,4248,14,
2124324,14,248820,Princeton Station,4251,1,4251,114,
2124325,14,248820,Princeton Junction,4250,0,4250,14,
2124326,14,248820,Princeton Station,4255,1,4255,114,
2124327,14,248820,Princeton Station,4257,1,4257,114,
2124328,14,248820,Princeton Station,4261,1,4261,114,
2124329,14,248820,Princeton Station,4263,1,4263,114,
2124330,14,248820,Princeton Station,4267,1,4267,114,
2124331,14,248820,Princeton Station,4269,1,4269,114,
2124332,14,248820,Princeton Station,4271,1,4271,114,
2124333,14,248820,Princeton Station,4273,1,4273,114,
2124334,14,248820,Princeton Station,4275,1,4275,114,
2124335,9,248820,Penn Station New York,7660,0,7660,9,
2124336,14,248820,Princeton Station,4281,1,4281,114,
2124338,9,248820,Penn Station New York,7624,0,7624,9,
2124339,9,248820,Rahway,7625,1,7625,109,
2124340,9,248820,Rahway,7629,1,7629,109,
2124341,9,248820,Penn Station New York,7632,0,7632,9,
2124342,9,248820,Rahway,7637,1,7637,109,
2124343,9,248820,Penn Station New York,7652,0,7652,9,
2124344,9,248820,Penn Station New York,7656,0,7656,9,
2124345,9,248820,Rahway,7657,1,7657,109,
2124346,9,248820,Rahway,7661,1,7661,109,
2124347,9,248820,Penn Station New York,7668,0,7668,9,
2124348,9,248820,Rahway,7673,1,7673,109,
2124349,9,248820,Penn Station New York,7804,0,7804,9,
2124350,9,248820,Trenton Station,7845,1,7845,109,
2124351,14,248820,Princeton Station,4225,1,4225,114,
2124352,14,248820,Princeton Station,4247,1,4247,114,
2124357,7,248820,Penn Station New York,6930,0,6930,27,
2124358,14,248820,Princeton Station,4243,1,4243,114,
2124361,9,248820,Trenton Station,7861,1,7861,109,
2124362,9,248820,Trenton Station,7865,1,7865,109,
2124363,9,248820,Penn Station New York,7864,0,7864,9,
2124364,7,248820,Penn Station New York,6938,0,6938,27,
2124365,9,248820,Trenton Station,7879,1,7879,109,
2124366,14,248820,Princeton Station,4235,1,4235,114,
2124367,9,248820,Penn Station New York,7620,0,7620,9,
2124368,9,248820,Penn Station New York,7820,0,7820,9,
2124369,9,248820,Penn Station New York,7832,0,7832,9,
2124370,9,248820,Trenton Station,7847,1,7847,109,
2124371,9,248820,Trenton Station,7829,1,7829,109,
2124372,9,248820,Rahway,7839,1,7839,109,
2124373,9,248820,Penn Station New York,7826,0,7826,9,
2124374,9,248820,Penn Station New York,7836,0,7836,9,
2124375,9,248820,Rahway,7665,1,7665,109,
2124376,9,248820,Trenton Station,7859,1,7859,109,
2124377,9,248820,Trenton Station,7853,1,7853,109,
2124380,9,248820,Trenton Station,7817,1,7817,109,
2124381,9,248820,Trenton Station,7821,1,7821,109,
2124382,9,248820,Trenton Station,7825,1,7825,109,
2124383,9,248820,Trenton Station,7833,1,7833,109,
2124384,9,248820,Trenton Station,7837,1,7837,109,
2124385,9,248820,Trenton Station,7841,1,7841,109,
2124386,9,248820,Trenton Station,7849,1,7849,109,
2124387,9,248820,Trenton Station,7851,1,7851,109,
2124388,9,248820,Trenton Station,7863,1,7863,109,
2124389,9,248820,Trenton Station,7869,1,7869,109,
2124390,9,248820,Trenton Station,7875,1,7875,109,
2124391,9,248820,Trenton Station,7883,1,7883,109,
2124392,9,248820,Penn Station New York,7842,0,7842,9,
2124393,9,248820,Trenton Station,7877,1,7877,109,
2124394,9,248820,Trenton Station,7871,1,7871,109,
2124395,9,248820,Penn Station New York,7850,0,7850,9,
2124396,9,248820,Penn Station New York,7858,0,7858,9,
2124397,14,248820,Princeton Station,4279,1,4279,114,
2124398,14,248820,Princeton Junction,4278,0,4278,14,
2124399,14,248820,Princeton Station,4277,1,4277,114,
2124400,14,248820,Princeton Station,4265,1,4265,114,
2124401,14,248820,Princeton Junction,4264,0,4264,14,
2124402,14,248820,Princeton Station,4259,1,4259,114,
2124403,14,248820,Princeton Junction,4258,0,4258,14,
2124404,14,248820,Princeton Station,4253,1,4253,114,
2124405,14,248820,Princeton Junction,4252,0,4252,14,
2124406,14,248820,Princeton Station,4245,1,4245,114,
2124407,14,248820,Princeton Junction,4244,0,4244,14,
2124408,9,248820,Penn Station New York,7880,0,7880,9,
2124409,5,248820,Port Jervis,0069,1,0069,145,
2124411,15,248820,Newark Penn Station,5510,0,5510,15,
2124412,15,248820,Raritan,5537,1,5537,115,
2124413,15,248820,Newark Penn Station,5534,0,5534,15,
2124414,15,248820,Newark Penn Station,5538,0,5538,15,
2124415,15,248820,Raritan,5539,1,5539,115,
2124416,15,248820,Raritan,5541,1,5541,115,
2124417,15,248820,Newark Penn Station,5506,0,5506,15,
2124418,15,248820,Newark Penn Station,5508,0,5508,15,
2124419,15,248820,Raritan,5511,1,5511,115,
2124420,15,248820,Newark Penn Station,5512,0,5512,15,
2124421,15,248820,Raritan,5513,1,5513,115,
2124422,15,248820,Newark Penn Station,5514,0,5514,15,
2124423,15,248820,Raritan,5515,1,5515,115,
2124424,15,248820,Newark Penn Station,5516,0,5516,15,
2124425,15,248820,Raritan,5517,1,5517,115,
2124426,15,248820,Newark Penn Station,5518,0,5518,15,
2124427,15,248820,Raritan,5519,1,5519,115,
2124428,15,248820,Newark Penn Station,5520,0,5520,15,
2124429,15,248820,Raritan,5521,1,5521,115,
2124430,15,248820,Newark Penn Station,5522,0,5522,15,
2124431,15,248820,Raritan,5523,1,5523,115,
2124432,15,248820,Newark Penn Station,5524,0,5524,15,
2124433,15,248820,Raritan,5525,1,5525,115,
2124434,15,248820,Raritan,5527,1,5527,115,
2124435,15,248820,Newark Penn Station,5528,0,5528,15,
2124436,15,248820,Newark Penn Station,5530,0,5530,15,
2124437,15,248820,Raritan,5531,1,5531,115,
2124438,15,248820,Raritan,5533,1,5533,115,
2124439,15,248820,Raritan,5535,1,5535,115,
2124440,15,248820,Raritan,5529,1,5529,115,
2124441,15,248820,Newark Penn Station,5540,0,5540,15,
2124442,15,248820,Raritan,5543,1,5543,115,
2124443,15,248820,Newark Penn Station,5526,0,5526,15,
2124444,15,248820,Newark Penn Station,5532,0,5532,15,
2124445,15,248820,Newark Penn Station,5536,0,5536,15,
2124446,10,248820,Bay Head,4745,1,4745,110,
2124447,10,248820,Bay Head,4721,1,4721,110,
2124448,10,248820,Bay Head,4729,1,4729,110,
2124449,10,248820,Bay Head,4737,1,4737,110,
2124450,10,248820,Bay Head,4753,1,4753,110,
2124451,10,248820,Bay Head,4761,1,4761,110,
2124452,10,248820,Bay Head,4765,1,4765,110,
2124453,10,248820,Bay Head,4773,1,4773,110,
2124454,10,248820,Bay Head,4777,1,4777,110,
2124455,1,248820,Philadelphia 30th St.,4692,1,4692,101,
2124456,5,248820,Suffern,1789,1,1789,105,
2124457,6,249748,Suffern,1701,1,1701,125,
2124458,6,249746,Ridgewood,1839,1,1839,125,
2124459,6,249746,Ridgewood,1835,1,1835,125,
2124460,6,249746,Hoboken,0070,0,0070,35,
2124461,6,249746,Hoboken,0082,0,0082,35,
2124462,6,249746,Hoboken,1704,0,1704,25,
2124463,6,249746,Suffern,1705,1,1705,125,
2124464,6,249746,Ridgewood,1837,1,1837,125,
2124465,6,249746,Suffern,1707,1,1707,125,
2124466,6,249746,Suffern,1715,1,1715,125,
2124467,6,249746,Suffern,1709,1,1709,125,
2124468,6,249746,Suffern,1711,1,1711,125,
2124469,6,249746,Suffern,1713,1,1713,125,
2124470,6,249746,Suffern,1717,1,1717,125,
2124471,6,249746,Suffern,1719,1,1719,125,
2124472,6,249746,Suffern,1721,1,1721,125,
2124473,6,249746,Suffern,1723,1,1723,125,
2124474,6,249746,Suffern,1725,1,1725,125,
2124475,6,249746,Suffern,1727,1,1727,125,
2124476,6,249746,Suffern,1729,1,1729,125,
2124477,6,249746,Suffern,1731,1,1731,125,
2124478,6,249746,Suffern,1733,1,1733,125,
2124479,6,249746,Hoboken,1706,0,1706,25,
2124480,6,249746,Hoboken,1708,0,1708,25,
2124481,6,249746,Hoboken,1710,0,1710,25,
2124482,6,249746,Hoboken,1712,0,1712,25,
2124483,6,249746,Hoboken,1714,0,1714,25,
2124484,6,249746,Hoboken,1716,0,1716,25,
2124485,6,249746,Hoboken,1718,0,1718,25,
2124486,6,249746,Hoboken,1720,0,1720,25,
2124487,6,249746,Hoboken,1722,0,1722,25,
2124488,6,249746,Hoboken,1724,0,1724,25,
2124489,6,249746,Hoboken,1726,0,1726,25,
2124490,6,249746,Hoboken,1728,0,1728,25,
2124491,6,249746,Hoboken,1730,0,1730,25,
2124492,6,249746,Hoboken,1732,0,1732,25,
2124494,10,248820,Penn Station New York,7204,0,7204,20,
2124495,10,248820,Penn Station New York,7208,0,7208,20,
2124496,10,248820,Long Branch,4708,0,4708,10,
2124497,10,248820,Penn Station New York,7212,0,7212,20,
2124498,10,248820,Penn Station New York,7216,0,7216,20,
2124499,10,248820,Long Branch,4716,0,4716,10,
2124500,10,248820,Penn Station New York,7220,0,7220,20,
2124511,10,248820,Penn Station New York,7268,0,7268,20,
2124512,10,248820,Penn Station New York,7276,0,7276,20,
2124513,10,248820,Long Branch,4780,0,4780,10,
2124514,10,248820,Long Branch,4724,0,4724,10,
2124515,10,248820,Long Branch,4732,0,4732,10,
2124516,10,248820,Long Branch,4740,0,4740,10,
2124517,10,248820,Long Branch,4748,0,4748,10,
2124518,10,248820,Long Branch,4756,0,4756,10,
2124519,10,248820,Long Branch,4760,0,4760,10,
2124520,10,248820,Long Branch,4768,0,4768,10,
2124521,10,248820,Long Branch,4772,0,4772,10,
2124522,10,248820,Long Branch,7217,1,7217,120,
2124523,10,248820,Long Branch,7221,1,7221,120,
2124524,10,248820,Long Branch,7225,1,7225,120,
2124536,10,248820,Long Branch,7273,1,7273,120,
2124537,10,248820,Long Branch,7277,1,7277,120,
2124538,10,248820,Long Branch,7281,1,7281,120,
2124539,10,248820,Long Branch,7285,1,7285,120,
2124540,10,248820,Penn Station New York,7272,0,7272,20,
2124542,2,249497,Hoboken,0530,0,0530,2,
2124544,9,248820,Trenton Station,7813,1,7813,109,
2124545,2,249497,Bay Street (Montclair),0515,1,0515,102,
2124546,2,249497,Bay Street (Montclair),0519,1,0519,102,
2124547,2,249497,Bay Street (Montclair),0523,1,0523,102,
2124548,2,249497,Bay Street (Montclair),0527,1,0527,102,
2124549,2,249497,Bay Street (Montclair),0531,1,0531,102,
2124550,2,249497,Bay Street (Montclair),0535,1,0535,102,
2124551,2,249498,Bay Street (Montclair),0539,1,0539,102,
2124552,2,249498,Bay Street (Montclair),0545,1,0545,102,
2124553,15,248820,Raritan,5503,1,5503,115,
2124561,2,249497,Bay Street (Montclair),0513,1,0513,102,
2124564,9,248820,Trenton Station,7805,1,7805,109,
2124567,9,248856,Trenton Station,7803,1,7803,109,
2124568,9,248856,Trenton Station,7801,1,7801,109,
2124570,9,248820,Penn Station New York,7800,0,7800,9,
2124573,10,248856,Long Branch,7201,1,7201,120,
2124575,10,248820,Long Branch,7205,1,7205,120,
2124576,10,248819,Bay Head,4397,1,4397,110,
2124580,10,248819,Bay Head,4393,1,4393,110,
2124581,1,248819,Atlantic City Terminal,4651,0,4651,1,
2124582,2,248819,Montclair State University,6201,1,6201,122,
2124599,14,248819,Princeton Junction,4100,0,4100,14,
2124600,14,248819,Princeton Station,4101,1,4101,114,
2124601,14,248819,Princeton Station,4103,1,4103,114,
2124602,14,248819,Princeton Junction,4104,0,4104,14,
2124607,15,248819,Raritan,5401,1,5401,115,
2124608,6,248819,Suffern,1133,1,1133,125,
2124609,14,248819,Princeton Junction,4102,0,4102,14,
2124612,7,248819,Dover,6603,1,6603,127,
2124613,7,248819,Dover,6601,1,6601,127,
2124617,14,248857,Princeton Station,4201,1,4201,114,
2124618,14,248857,Princeton Station,4203,1,4203,114,
2124619,10,248857,Bay Head,4705,1,4705,110,
2124620,10,248857,Bay Head,4785,1,4785,110,
2124622,8,248857,Gladstone,0745,1,0745,108,
2124623,8,248857,Summit,0746,0,0746,8,
2124624,14,248857,Princeton Junction,4200,0,4200,14,
2124625,14,248857,Princeton Junction,4202,0,4202,14,
2124626,2,249499,Hoboken,0544,0,0544,2,
2124627,7,248857,Dover,6903,1,6903,127,
2124628,7,248857,Dover,6905,1,6905,127,
2124629,2,249499,Bay Street (Montclair),0505,1,0505,102,
2124630,8,248857,Gladstone,0703,1,0703,108,
2124631,8,248857,Gladstone,0705,1,0705,108,
2124640,10,248850,Newark Penn Station,5200,0,5200,20,
2124642,13,248834,Spring Valley,2101,1,2101,113,
2124645,6,248862,Hoboken,0088,0,0088,35,
2124647,6,248825,Port Jervis,0099,1,0099,135,
2124649,10,248825,Long Branch,8249,1,8249,120,
2124650,10,248825,Bay Head,8353,1,8353,120,
2124651,15,248825,Raritan,8529,1,8529,115,
2124652,9,248825,Trenton Station,8855,1,8855,109,
2124659,7,248825,Dover,8935,1,8935,127,
2124660,9,248825,Trenton Station,8851,1,8851,109,
2124663,9,248825,Trenton Station,8849,1,8849,109,
2124666,7,248825,Dover,8941,1,8941,127,
2124667,9,248863,Penn Station New York,3186,0,3186,9,
2124668,6,248863,Port Jervis,0059,1,0059,135,
2124670,9,248863,Trenton Station,3951,1,3951,109,
2124672,15,248863,High Bridge,5743,1,5743,115,
2124673,15,248863,Raritan,5445,1,5445,115,
2124674,15,248825,High Bridge,8545,1,8545,115,
2124675,9,248863,Trenton Station,3963,1,3963,109,
2124677,10,248863,Bay Head,3373,1,3373,120,
2124678,7,248863,Dover,6655,1,6655,127,
2124679,7,248825,Dover,6655,1,6655,127,
2124680,6,248863,"Middletown, NY",0049,1,0049,135,
2124686,9,248863,Penn Station New York,3124,0,3124,9,
2124712,9,248863,Penn Station New York,3710,0,3710,9,
2124713,9,248825,Penn Station New York,3710,0,3710,9,
2124714,10,248863,Penn Station New York,3326,0,3326,20,
2124715,10,248825,Penn Station New York,3326,0,3326,20,
2124716,9,248863,Jersey Avenue,3727,1,3727,109,
2124717,9,248825,Jersey Avenue,3727,1,3727,109,
2124718,9,248863,Trenton Station,3959,1,3959,109,
2124719,9,248825,Trenton Station,3959,1,3959,109,
2124720,9,248863,Trenton Station,3873,1,3873,109,
2124721,9,248825,Trenton Station,3873,1,3873,109,
2126179,9,248818,Penn Station New York,3128,0,3128,9,
2126265,14,248818,Princeton Junction,4112,0,4112,14,
2126289,10,249016,Penn Station New York,7224,0,7224,20,
2126290,10,249016,Penn Station New York,7228,0,7228,20,
2126291,10,249016,Penn Station New York,7232,0,7232,20,
2126292,10,249016,Penn Station New York,7236,0,7236,20,
2126293,10,249016,Penn Station New York,7240,0,7240,20,
2126294,10,249016,Penn Station New York,7244,0,7244,20,
2126295,10,249016,Penn Station New York,7248,0,7248,20,
2126296,10,249016,Penn Station New York,7252,0,7252,20,
2126297,10,249016,Penn Station New York,7256,0,7256,20,
2126298,10,249016,Penn Station New York,7260,0,7260,20,
2126300,10,249016,Penn Station New York,7264,0,7264,20,
2126304,10,249016,Long Branch,7229,1,7229,120,
2126305,10,249016,Long Branch,7233,1,7233,120,
2126307,10,249016,Long Branch,7237,1,7237,120,
2126309,10,249016,Long Branch,7241,1,7241,120,
2126310,10,249016,Long Branch,7245,1,7245,120,
2126311,10,249016,Long Branch,7249,1,7249,120,
2126312,10,249016,Long Branch,7253,1,7253,120,
2126313,10,249016,Long Branch,7257,1,7257,120,
2126314,10,249016,Long Branch,7261,1,7261,120,
2126315,10,249016,Long Branch,7265,1,7265,120,
2126316,10,249016,Long Branch,7269,1,7269,120,
2126595,10,248818,Long Branch,4366,0,4366,10,
2126596,10,248818,Bay Head,4375,1,4375,110,
2126700,9,248818,Trenton Station,3917,1,3917,109,
2127008,10,249071,Long Branch,4720,0,4720,10,
2127009,10,249071,Long Branch,4728,0,4728,10,
2127010,10,249071,Long Branch,4736,0,4736,10,
2127011,10,249071,Long Branch,4744,0,4744,10,
2127012,10,249071,Long Branch,4752,0,4752,10,
2127013,10,249071,Bay Head,4725,1,4725,110,
2127014,10,249071,Bay Head,4769,1,4769,110,
2127015,10,249071,Bay Head,4733,1,4733,110,
2127016,10,249071,Bay Head,4741,1,4741,110,
2127017,10,249071,Bay Head,4749,1,4749,110,
2127018,10,249071,Bay Head,4757,1,4757,110,
2127019,10,249071,Long Branch,4764,0,4764,10,
2129336,2,248818,Hackettstown,1079,1,1079,102,
2129426,9,248818,Trenton Station,3961,1,3961,109,
2133253,5,249276,Suffern,1753,1,1753,105,
2133254,5,249273,Suffern,1755,1,1755,105,
2133255,5,249273,Suffern,1757,1,1757,105,
2133292,5,249273,Suffern,1759,1,1759,105,
2133295,5,249273,Suffern,1761,1,1761,105,
2133816,5,249273,Suffern,1763,1,1763,105,
2133817,5,249273,Suffern,1765,1,1765,105,
2133823,5,249273,Suffern,1767,1,1767,105,
2133850,5,249273,Suffern,1769,1,1769,105,
2133851,5,249273,Suffern,1771,1,1771,105,
2133852,5,249273,Suffern,1773,1,1773,105,
2133853,5,249273,Suffern,1775,1,1775,105,
2133854,5,249273,Suffern,1777,1,1777,105,
2133855,5,249273,Suffern,1779,1,1779,105,
2133856,5,249273,Suffern,1781,1,1781,105,
2133857,5,249273,Suffern,1783,1,1783,105,
2133858,5,249273,Hoboken,9070,0,9070,45,
2133859,5,249273,Port Jervis,9081,1,9081,145,
2135433,6,249273,Hoboken,9072,0,9072,35,
2135435,6,249273,Hoboken,9078,0,9078,35,
2135437,6,249273,Port Jervis,9075,1,9075,135,
2135438,5,249273,Hoboken,1754,0,1754,5,
2135439,5,249273,Hoboken,1756,0,1756,5,
2135440,5,249273,Hoboken,1758,0,1758,5,
2135441,5,249273,Hoboken,1760,0,1760,5,
2135445,5,249273,Hoboken,1762,0,1762,5,
2135446,5,249273,Hoboken,1764,0,1764,5,
2135447,5,249273,Hoboken,1766,0,1766,5,
2135448,5,249273,Hoboken,1768,0,1768,5,
2135449,5,249273,Hoboken,1770,0,1770,5,
2135450,5,249273,Hoboken,1772,0,1772,5,
2135451,5,249273,Hoboken,1774,0,1774,5,
2135452,5,249273,Hoboken,1776,0,1776,5,
2135453,5,249273,Hoboken,1778,0,1778,5,
2135454,5,249273,Hoboken,1780,0,1780,5,
2135455,5,249273,Hoboken,1782,0,1782,5,
2135463,5,249273,Hoboken,9076,0,9076,45,
2135464,6,249273,Lyndhurst,9102,0,9102,35,
2135465,6,249273,Lyndhurst,9106,0,9106,35,
2135466,6,249273,Lyndhurst,9110,0,9110,35,
2135467,6,249273,Lyndhurst,9114,0,9114,35,
2135468,6,249273,Lyndhurst,9118,0,9118,35,
2135469,6,249273,Lyndhurst,9122,0,9122,35,
2135470,6,249273,Lyndhurst,9126,0,9126,35,
2135471,6,249273,Lyndhurst,9130,0,9130,35,
2135472,6,249273,Lyndhurst,9134,0,9134,35,
2135475,5,249273,Hoboken,9082,0,9082,45,
2135476,6,249273,Ridgewood,9107,1,9107,125,
2136493,5,249273,Hoboken,9074,0,9074,45,
2136496,6,249273,Ridgewood,9119,1,9119,125,
2136498,6,249273,Ridgewood,9127,1,9127,125,
2136499,6,249273,Ridgewood,9131,1,9131,125,
2137576,6,249754,Suffern,1101,1,1101,125,
2139365,6,249273,Ridgewood,9115,1,9115,125,
2139373,6,249273,Ridgewood,9111,1,9111,125,
2139374,6,249273,Ridgewood,9123,1,9123,125,
2139375,6,249273,Ridgewood,9135,1,9135,125,
2139376,6,249273,Hoboken,9184,0,9184,35,
2139377,6,249273,Ridgewood,9139,1,9139,125,
2139380,6,249275,Suffern,9153,1,9153,125,
2139381,6,249753,Mahwah,9153,1,9153,125,
